{
    "nodes": {
        "1": {
            "category": "Terms & Terms", 
            "index": 7, 
            "b": 0, 
            "width_prob": 68.877299365395771, 
            "g": 217, 
            "weight": 35.011482122584106, 
            "level": "high", 
            "color": [
                0.97253529411764705, 
                0.85488823529411773, 
                0.0, 
                1.0
            ], 
            "widthp": 68.877299365395771, 
            "density": 0.7365069976257671, 
            "period": "1_1", 
            "label": "associations & missions de service public", 
            "width": 35, 
            "shape": "o", 
            "univ_index": 5, 
            "a": 1, 
            "y": 0.36896039383872115, 
            "x": 0.88339748596835088, 
            "r": 247, 
            "size": 9.5560609480124956
        }, 
        "2": {
            "category": "Terms & Terms", 
            "index": 3, 
            "b": 221, 
            "width_prob": 61.837645936778422, 
            "g": 133, 
            "weight": 31.433108660847434, 
            "level": "high", 
            "color": [
                0.0, 
                0.52158823529411769, 
                0.86670000000000003, 
                1.0
            ], 
            "widthp": 61.837645936778422, 
            "density": 0.80055894257864546, 
            "period": "1_1", 
            "label": "absence de s\u00e9lection & transmission des savoirs", 
            "width": 33, 
            "shape": "o", 
            "univ_index": 0, 
            "a": 1, 
            "y": 0.10606048828762142, 
            "x": 0.64398044503970964, 
            "r": 0, 
            "size": 9.5560609480124956
        }, 
        "3": {
            "category": "Terms & Terms", 
            "index": 6, 
            "b": 0, 
            "width_prob": 54.160550063999175, 
            "g": 255, 
            "weight": 27.53071255386223, 
            "level": "high", 
            "color": [
                0.5176235294117647, 
                1.0, 
                0.0, 
                1.0
            ], 
            "widthp": 54.160550063999175, 
            "density": 0.86284346305206183, 
            "period": "1_1", 
            "label": "recherche scientifique & soutien de base", 
            "width": 28, 
            "shape": "o", 
            "univ_index": 7, 
            "a": 1, 
            "y": 0.63146239895038037, 
            "x": 0.92281025943885053, 
            "r": 131, 
            "size": 9.5560609480124956
        }, 
        "4": {
            "category": "Terms & Terms", 
            "index": 2, 
            "b": 0, 
            "width_prob": 45.730484605088655, 
            "g": 0, 
            "weight": 23.245569425048686, 
            "level": "high", 
            "color": [
                0.85362156862745098, 
                0.0, 
                0.0, 
                1.0
            ], 
            "widthp": 45.730484605088655, 
            "density": 0.71585531701832794, 
            "period": "1_1", 
            "label": "pays du monde & fin de carri\u00e8re", 
            "width": 24, 
            "shape": "o", 
            "univ_index": 1, 
            "a": 1, 
            "y": 0.62227476966973339, 
            "x": 0.55671426723419248, 
            "r": 217, 
            "size": 9.5560609480124956
        }, 
        "5": {
            "category": "Terms & Terms", 
            "index": 8, 
            "b": 160, 
            "width_prob": 48.859710288302992, 
            "g": 170, 
            "weight": 24.83620712534784, 
            "level": "high", 
            "color": [
                0.0, 
                0.66669999999999996, 
                0.62746470588235292, 
                1.0
            ], 
            "widthp": 48.859710288302992, 
            "density": 0.89444686879261859, 
            "period": "1_1", 
            "label": "r\u00e9seaux d'anciens \u00e9tudiants & rang mondial", 
            "width": 28, 
            "shape": "o", 
            "univ_index": 6, 
            "a": 1, 
            "y": 0.49916998912308708, 
            "x": 0.062013552058703701, 
            "r": 0, 
            "size": 9.5560609480124956
        }, 
        "6": {
            "category": "Terms & Terms", 
            "index": 5, 
            "b": 149, 
            "width_prob": 46.924556794450254, 
            "g": 0, 
            "weight": 23.852536270382231, 
            "level": "high", 
            "color": [
                0.52024117647058821, 
                0.0, 
                0.58692156862745093, 
                1.0
            ], 
            "widthp": 46.924556794450254, 
            "density": 0.79676031889576349, 
            "period": "1_1", 
            "label": "march\u00e9 de l'emploi & cycles universitaires", 
            "width": 23, 
            "shape": "o", 
            "univ_index": 2, 
            "a": 1, 
            "y": 0.25538587329785095, 
            "x": 0.64356057478420581, 
            "r": 132, 
            "size": 9.5560609480124956
        }, 
        "7": {
            "category": "Terms & Terms", 
            "index": 9, 
            "b": 0, 
            "width_prob": 42.849943153752733, 
            "g": 217, 
            "weight": 21.78134207502168, 
            "level": "high", 
            "color": [
                0.0, 
                0.85362156862745098, 
                0.0, 
                1.0
            ], 
            "widthp": 42.849943153752733, 
            "density": 0.80293930727964136, 
            "period": "1_1", 
            "label": "transfert de la masse salariale & Pacte pour la Recherche", 
            "width": 17, 
            "shape": "o", 
            "univ_index": 4, 
            "a": 1, 
            "y": 0.45245034124620231, 
            "x": 0.73339875484043859, 
            "r": 0, 
            "size": 9.5560609480124956
        }, 
        "8": {
            "category": "Terms & Terms", 
            "index": 0, 
            "b": 0, 
            "width_prob": 56.55058913807602, 
            "g": 156, 
            "weight": 28.745609349835618, 
            "level": "high", 
            "color": [
                0.0, 
                0.61306862745098034, 
                0.0, 
                1.0
            ], 
            "widthp": 56.55058913807602, 
            "density": 0.91837744052076686, 
            "period": "1_1", 
            "label": "m\u00e9thodes p\u00e9dagogiques & voie technologique", 
            "width": 36, 
            "shape": "o", 
            "univ_index": 9, 
            "a": 1, 
            "y": 0.39918936213988876, 
            "x": 0.32341749498129369, 
            "r": 0, 
            "size": 9.5560609480124956
        }, 
        "9": {
            "category": "Terms & Terms", 
            "index": 1, 
            "b": 0, 
            "width_prob": 84.27471928701064, 
            "g": 93, 
            "weight": 42.838247940733744, 
            "level": "high", 
            "color": [
                1.0, 
                0.36470588235294116, 
                0.0, 
                1.0
            ], 
            "widthp": 84.27471928701064, 
            "density": 0.83010925912422007, 
            "period": "1_1", 
            "label": "lyc\u00e9e & taux de r\u00e9ussite", 
            "width": 37, 
            "shape": "o", 
            "univ_index": 8, 
            "a": 1, 
            "y": 0.10520382569289451, 
            "x": 0.38122327492216651, 
            "r": 255, 
            "size": 9.5560609480124956
        }, 
        "10": {
            "category": "Terms & Terms", 
            "index": 4, 
            "b": 201, 
            "width_prob": 80.117737177376043, 
            "g": 0, 
            "weight": 40.725184476336437, 
            "level": "high", 
            "color": [
                0.0, 
                0.0, 
                0.78826862745098036, 
                1.0
            ], 
            "widthp": 80.117737177376043,